{
  "observations": 93,
  "coverage": 0.978494623655914,
  "top1_accuracy": 0.3655913978494624,
  "top3_accuracy": 0.5591397849462365,
  "mrr": 0.45161290322580655,
  "mean_latency_ms": 0.030134407733316704,
  "p95_latency_ms": 0.07029999687802047,
  "max_latency_ms": 0.11169999197591096
}