{
  "observations": 93,
  "coverage": 0.978494623655914,
  "top1_accuracy": 0.3655913978494624,
  "top3_accuracy": 0.5483870967741935,
  "mrr": 0.4480286738351255,
  "mean_latency_ms": 0.033583870859846716,
  "p95_latency_ms": 0.07189999450929463,
  "max_latency_ms": 0.11750000703614205
}