{
  "observations": 93,
  "coverage": 0.978494623655914,
  "top1_accuracy": 0.34408602150537637,
  "top3_accuracy": 0.5376344086021505,
  "mrr": 0.4336917562724015,
  "mean_latency_ms": 0.03301182881333134,
  "p95_latency_ms": 0.0678000069456175,
  "max_latency_ms": 0.10439999459777027
}