{
  "observations": 93,
  "coverage": 0.08602150537634409,
  "top1_accuracy": 0.043010752688172046,
  "top3_accuracy": 0.053763440860215055,
  "mrr": 0.04838709677419355,
  "mean_latency_ms": 0.0034096777208790343,
  "p95_latency_ms": 0.005099995178170502,
  "max_latency_ms": 0.025600005756132305
}